{"0":{"BuffID":0,"BuffName":"(none)","BuffDescription":"(none)"},"1":{"BuffID":1,"BuffName":"Obsidian Skin","BuffDescription":"Immune to lava"},"2":{"BuffID":2,"BuffName":"Regeneration","BuffDescription":"Provides life regeneration"},"3":{"BuffID":3,"BuffName":"Swiftness","BuffDescription":"25% increased movement speed"},"4":{"BuffID":4,"BuffName":"Gills","BuffDescription":"Breathe water instead of air"},"5":{"BuffID":5,"BuffName":"Ironskin","BuffDescription":"Increase defense by 8"},"6":{"BuffID":6,"BuffName":"Mana Regeneration","BuffDescription":"Increased mana regeneration"},"7":{"BuffID":7,"BuffName":"Magic Power","BuffDescription":"20% increased magic damage"},"8":{"BuffID":8,"BuffName":"Featherfall","BuffDescription":"Press UP or DOWN to control speed of descent"},"9":{"BuffID":9,"BuffName":"Spelunker","BuffDescription":"Shows the location of treasure and ore"},"10":{"BuffID":10,"BuffName":"Invisibility","BuffDescription":"Grants invisibility"},"11":{"BuffID":11,"BuffName":"Shine","BuffDescription":"Emitting light"},"12":{"BuffID":12,"BuffName":"Night Owl","BuffDescription":"Increased night vision"},"13":{"BuffID":13,"BuffName":"Battle","BuffDescription":"Increased enemy spawn rate"},"14":{"BuffID":14,"BuffName":"Thorns","BuffDescription":"Attackers also take damage"},"15":{"BuffID":15,"BuffName":"Water Walking","BuffDescription":"Press DOWN to enter water"},"16":{"BuffID":16,"BuffName":"Archery","BuffDescription":"20% increased arrow damage and speed"},"17":{"BuffID":17,"BuffName":"Hunter","BuffDescription":"Shows the location of enemies"},"18":{"BuffID":18,"BuffName":"Gravitation","BuffDescription":"Press UP to reverse gravity"},"19":{"BuffID":19,"BuffName":"Shadow Orb","BuffDescription":"A magical orb that provides light"},"20":{"BuffID":20,"BuffName":"Poisoned","BuffDescription":"Slowly losing life"},"21":{"BuffID":21,"BuffName":"Potion Sickness","BuffDescription":"Cannot consume anymore healing items"},"22":{"BuffID":22,"BuffName":"Darkness","BuffDescription":"Decreased light vision"},"23":{"BuffID":23,"BuffName":"Cursed","BuffDescription":"Cannot use any items"},"24":{"BuffID":24,"BuffName":"On Fire!","BuffDescription":"Slowly losing life"},"25":{"BuffID":25,"BuffName":"Tipsy","BuffDescription":"Increased melee abilities, lowered defense"},"26":{"BuffID":26,"BuffName":"Well Fed","BuffDescription":"Minor improvements to all stats"},"27":{"BuffID":27,"BuffName":"Fairy","BuffDescription":"A fairy is following you"},"28":{"BuffID":28,"BuffName":"Werewolf","BuffDescription":"Physical abilities are increased"},"29":{"BuffID":29,"BuffName":"Clairvoyance","BuffDescription":"Magic powers are increased"},"30":{"BuffID":30,"BuffName":"Bleeding","BuffDescription":"Cannot regenerate life"},"31":{"BuffID":31,"BuffName":"Confused","BuffDescription":"Movement is reversed"},"32":{"BuffID":32,"BuffName":"Slow","BuffDescription":"Movement speed is reduced"},"33":{"BuffID":33,"BuffName":"Weak","BuffDescription":"Physical abilities are decreased"},"34":{"BuffID":34,"BuffName":"Merfolk","BuffDescription":"Can breathe and move easily underwater"},"35":{"BuffID":35,"BuffName":"Silenced","BuffDescription":"Cannot use items that require mana"},"36":{"BuffID":36,"BuffName":"Broken Armor","BuffDescription":"Defense is cut in half"},"37":{"BuffID":37,"BuffName":"Horrified","BuffDescription":"You have seen something nasty, there is no escape."},"38":{"BuffID":38,"BuffName":"The Tongue","BuffDescription":"You are being sucked into the mouth"},"39":{"BuffID":39,"BuffName":"Cursed Inferno","BuffDescription":"Losing life"},"40":{"BuffID":40,"BuffName":"Pet Bunny","BuffDescription":"I think it wants your carrot"},"41":{"BuffID":41,"BuffName":"Baby Penguin","BuffDescription":"I think it wants your fish"},"42":{"BuffID":42,"BuffName":"Pet Turtle","BuffDescription":"Happy turtle time!"},"43":{"BuffID":43,"BuffName":"Paladin's Shield","BuffDescription":"25% of damage taken will be redirected to another player"},"44":{"BuffID":44,"BuffName":"Frostburn","BuffDescription":"It's either really hot or really cold. Either way it REALLY hurts"},"45":{"BuffID":45,"BuffName":"Baby Eater","BuffDescription":"A baby Eater of Souls is following you"},"46":{"BuffID":46,"BuffName":"Chilled","BuffDescription":"Your movement speed has been reduced"},"47":{"BuffID":47,"BuffName":"Frozen","BuffDescription":"You can't move!"},"48":{"BuffID":48,"BuffName":"Honey","BuffDescription":"Life regeneration is increased"},"49":{"BuffID":49,"BuffName":"Pygmies","BuffDescription":"The pygmies will fight for you"},"50":{"BuffID":50,"BuffName":"Baby Skeletron Head","BuffDescription":"Don't even ask..."},"51":{"BuffID":51,"BuffName":"Baby Hornet","BuffDescription":"It thinks you are its mother"},"52":{"BuffID":52,"BuffName":"Tiki Spirit","BuffDescription":"A friendly spirit is following you"},"53":{"BuffID":53,"BuffName":"Pet Lizard","BuffDescription":"Chillin' like a reptilian"},"54":{"BuffID":54,"BuffName":"Pet Parrot","BuffDescription":"Polly want's the cracker"},"55":{"BuffID":55,"BuffName":"Baby Truffle","BuffDescription":"Isn't this just soooo cute?"},"56":{"BuffID":56,"BuffName":"Pet Sapling","BuffDescription":"A little sapling is following you"},"57":{"BuffID":57,"BuffName":"Wisp","BuffDescription":"A wisp is following you"},"58":{"BuffID":58,"BuffName":"Rapid Healing","BuffDescription":"Life regeneration is greatly increased"},"59":{"BuffID":59,"BuffName":"Shadow Dodge","BuffDescription":"You will dodge the next attack"},"60":{"BuffID":60,"BuffName":"Leaf Crystal","BuffDescription":"Shoots crystal leaves at nearby enemies"},"61":{"BuffID":61,"BuffName":"Baby Dinosaur","BuffDescription":"A baby dinosaur is following you"},"62":{"BuffID":62,"BuffName":"Ice Barrier","BuffDescription":"Damage taken is reduced by 25%"},"63":{"BuffID":63,"BuffName":"Panic!","BuffDescription":"Movement speed is increased"},"64":{"BuffID":64,"BuffName":"Baby Slime","BuffDescription":"The baby slime will fight for you"},"65":{"BuffID":65,"BuffName":"Eyeball Spring","BuffDescription":"An eyeball spring is following you"},"66":{"BuffID":66,"BuffName":"Baby Snowman","BuffDescription":"A baby snowman is following you"},"67":{"BuffID":67,"BuffName":"Burning","BuffDescription":"Losing life and slowed movement"},"68":{"BuffID":68,"BuffName":"Suffocation","BuffDescription":"Losing life"},"69":{"BuffID":69,"BuffName":"Ichor","BuffDescription":"Reduced defense"},"70":{"BuffID":70,"BuffName":"Venom","BuffDescription":"Losing life"},"71":{"BuffID":71,"BuffName":"Weapon Imbue: Venom","BuffDescription":"Melee attacks inflict venom on your targets"},"72":{"BuffID":72,"BuffName":"Midas","BuffDescription":"Drop more money on death"},"73":{"BuffID":73,"BuffName":"Weapon Imbue: Cursed Flames","BuffDescription":"Melee attacks inflict enemies with cursed flames"},"74":{"BuffID":74,"BuffName":"Weapon Imbue: Fire","BuffDescription":"Melee attacks set enemies on fire"},"75":{"BuffID":75,"BuffName":"Weapon Imbue: Gold","BuffDescription":"Melee attacks make enemies drop more gold"},"76":{"BuffID":76,"BuffName":"Weapon Imbue: Ichor","BuffDescription":"Melee attacks decrease enemies defense"},"77":{"BuffID":77,"BuffName":"Weapon Imbue: Nanites","BuffDescription":"Melee attacks confuse enemies"},"78":{"BuffID":78,"BuffName":"Weapon Imbue: Confetti","BuffDescription":"Melee attacks cause confetti to appear"},"79":{"BuffID":79,"BuffName":"Weapon Imbue: Poison","BuffDescription":"Melee attacks poison enemies"},"80":{"BuffID":80,"BuffName":"Blackout","BuffDescription":"Light vision severely reduced"},"81":{"BuffID":81,"BuffName":"Pet Spider","BuffDescription":"A spider is following you"},"82":{"BuffID":82,"BuffName":"Squashling","BuffDescription":"A squashling is following you"},"83":{"BuffID":83,"BuffName":"Ravens","BuffDescription":"The ravens will attack your enemies"},"84":{"BuffID":84,"BuffName":"Black Cat","BuffDescription":"A black kitty is following you"},"85":{"BuffID":85,"BuffName":"Cursed Sapling","BuffDescription":"A cursed sapling is following you"},"86":{"BuffID":86,"BuffName":"Water Candle","BuffDescription":"Increased monster spawn rate"},"87":{"BuffID":87,"BuffName":"Cozy Fire","BuffDescription":"Life regen is slightly increased"},"88":{"BuffID":88,"BuffName":"Chaos State","BuffDescription":"Using the Rod of Discord will take life"},"89":{"BuffID":89,"BuffName":"Heart Lamp","BuffDescription":"Life regen is increased"},"90":{"BuffID":90,"BuffName":"Rudolph","BuffDescription":"Riding the red nosed reindeer"},"91":{"BuffID":91,"BuffName":"Puppy","BuffDescription":"A puppy is following you"},"92":{"BuffID":92,"BuffName":"Baby Grinch","BuffDescription":"A baby grinch is following you"},"93":{"BuffID":93,"BuffName":"Ammo Box","BuffDescription":"20% chance to not consume ammo"},"94":{"BuffID":94,"BuffName":"Mana Sickness","BuffDescription":"Magic damage reduced by "},"95":{"BuffID":95,"BuffName":"Beetle Endurance","BuffDescription":"Damage taken reduced by 15%"},"96":{"BuffID":96,"BuffName":"Beetle Endurance","BuffDescription":"Damage taken reduced by 30%"},"97":{"BuffID":97,"BuffName":"Beetle Endurance","BuffDescription":"Damage taken reduced by 45%"},"98":{"BuffID":98,"BuffName":"Beetle Might","BuffDescription":"Melee damage and speed increase by 10%"},"99":{"BuffID":99,"BuffName":"Beetle Might","BuffDescription":"Melee damage and speed increase by 20%"},"100":{"BuffID":100,"BuffName":"Beetle Might","BuffDescription":"Melee damage and speed increase by 30%"},"101":{"BuffID":101,"BuffName":"Fairy","BuffDescription":"A fairy is following you"},"102":{"BuffID":102,"BuffName":"Fairy","BuffDescription":"A fairy is following you"},"103":{"BuffID":103,"BuffName":"Wet","BuffDescription":"You are dripping water"},"104":{"BuffID":104,"BuffName":"Mining","BuffDescription":"25% increased mining speed"},"105":{"BuffID":105,"BuffName":"Heartreach","BuffDescription":"Increased heart pickup range"},"106":{"BuffID":106,"BuffName":"Calm","BuffDescription":"Reduced enemy aggression"},"107":{"BuffID":107,"BuffName":"Builder","BuffDescription":"Increased placement speed and range"},"108":{"BuffID":108,"BuffName":"Titan","BuffDescription":"Increased knockback"},"109":{"BuffID":109,"BuffName":"Flipper","BuffDescription":"Move like normal in water"},"110":{"BuffID":110,"BuffName":"Summoning","BuffDescription":"Increased max number of minions"},"111":{"BuffID":111,"BuffName":"Dangersense","BuffDescription":"You can see nearby hazards"},"112":{"BuffID":112,"BuffName":"Ammo Reservation","BuffDescription":"20% chance to not consume ammo"},"113":{"BuffID":113,"BuffName":"Lifeforce","BuffDescription":"20% increased max life"},"114":{"BuffID":114,"BuffName":"Endurance","BuffDescription":"10% reduced damage"},"115":{"BuffID":115,"BuffName":"Rage","BuffDescription":"10% increased critical chance"},"116":{"BuffID":116,"BuffName":"Inferno","BuffDescription":"Nearby enemies are ignited"},"117":{"BuffID":117,"BuffName":"Wrath","BuffDescription":"10% increased damage"},"118":{"BuffID":118,"BuffName":"Minecart","BuffDescription":"Riding in a minecart"},"119":{"BuffID":119,"BuffName":"Lovestruck","BuffDescription":"You are in love!"},"120":{"BuffID":120,"BuffName":"Stinky","BuffDescription":"You smell terrible"},"121":{"BuffID":121,"BuffName":"Fishing","BuffDescription":"Increased fishing level"},"122":{"BuffID":122,"BuffName":"Sonar","BuffDescription":"You can see what's biting your hook"},"123":{"BuffID":123,"BuffName":"Crate","BuffDescription":"Greater chance of fishing up a crate"},"124":{"BuffID":124,"BuffName":"Warmth","BuffDescription":"Reduced damage from cold sources"},"125":{"BuffID":125,"BuffName":"Hornet","BuffDescription":"The hornet will fight for you"},"126":{"BuffID":126,"BuffName":"Imp","BuffDescription":"The imp will fight for you"},"127":{"BuffID":127,"BuffName":"Zephyr Fish","BuffDescription":"It likes swimming around you"},"128":{"BuffID":128,"BuffName":"Bunny Mount","BuffDescription":"You are craving carrots"},"129":{"BuffID":129,"BuffName":"Pigron Mount","BuffDescription":"Now you see me...."},"130":{"BuffID":130,"BuffName":"Slime Mount","BuffDescription":"BOOOIIINNNG!"},"131":{"BuffID":131,"BuffName":"Turtle Mount","BuffDescription":"Slow if by land, zoom if by sea"},"132":{"BuffID":132,"BuffName":"Bee Mount","BuffDescription":"BzzzBzzBZZZZBzzz"},"133":{"BuffID":133,"BuffName":"Spider","BuffDescription":"The spider will fight for you"},"134":{"BuffID":134,"BuffName":"Twins","BuffDescription":"The twins will fight for you"},"135":{"BuffID":135,"BuffName":"Pirate","BuffDescription":"The pirate will fight for you"},"136":{"BuffID":136,"BuffName":"Mini Minotaur","BuffDescription":"How do you defeat a mini Minotaur?"},"137":{"BuffID":137,"BuffName":"Slime","BuffDescription":"You are slimy and sticky"},"138":{"BuffID":138,"BuffName":"Minecart","BuffDescription":"Riding in a minecart"},"139":{"BuffID":139,"BuffName":"Sharknado","BuffDescription":"The sharknado will fight for you"},"140":{"BuffID":140,"BuffName":"UFO","BuffDescription":"The UFO will fight for you"},"141":{"BuffID":141,"BuffName":"UFO Mount","BuffDescription":"It's a good thing you had a MAC"},"142":{"BuffID":142,"BuffName":"Drill Mount","BuffDescription":"Riding in a flying drill"},"143":{"BuffID":143,"BuffName":"Scutlix Mount","BuffDescription":"Pew Pew"},"144":{"BuffID":144,"BuffName":"Electrified","BuffDescription":"You cannot move"},"145":{"BuffID":145,"BuffName":"Moon Bite","BuffDescription":"You are unable to absorb healing effects"},"146":{"BuffID":146,"BuffName":"Happy!","BuffDescription":"Movement speed increased and monster spawns reduced"},"147":{"BuffID":147,"BuffName":"Banner","BuffDescription":"Increased damage and defense from the following:"},"148":{"BuffID":148,"BuffName":"Feral Bite","BuffDescription":"Increased damage, Decreased life regen, Causes status effects"},"149":{"BuffID":149,"BuffName":"Webbed","BuffDescription":"You are stuck"},"150":{"BuffID":150,"BuffName":"Bewitched","BuffDescription":"Increased max number of minions"},"151":{"BuffID":151,"BuffName":"Life Drain","BuffDescription":"Increased life regeneration"},"152":{"BuffID":152,"BuffName":"Magic Lantern","BuffDescription":"An enchanted lantern is lighting your way"},"153":{"BuffID":153,"BuffName":"Shadowflame","BuffDescription":"Losing life"},"154":{"BuffID":154,"BuffName":"Baby Face Monster","BuffDescription":"A baby face monster is following you"},"155":{"BuffID":155,"BuffName":"Crimson Heart","BuffDescription":"A magical heart that provides light"},"156":{"BuffID":156,"BuffName":"Stoned","BuffDescription":"You are completely petrified!"},"157":{"BuffID":157,"BuffName":"Peace Candle","BuffDescription":"Decreased monster spawn rate"},"158":{"BuffID":158,"BuffName":"Star in a Bottle","BuffDescription":"Increased mana regeneration"},"159":{"BuffID":159,"BuffName":"Sharpened","BuffDescription":"Melee weapons have armor penetration"},"160":{"BuffID":160,"BuffName":"Dazed","BuffDescription":"Movement is greatly slowed"},"161":{"BuffID":161,"BuffName":"Deadly Sphere","BuffDescription":"The Deadly Sphere will fight for you"},"162":{"BuffID":162,"BuffName":"Unicorn Mount","BuffDescription":"Charge ahead... fabulously!"},"163":{"BuffID":163,"BuffName":"Obstructed","BuffDescription":"You can't see!"},"164":{"BuffID":164,"BuffName":"Distorted","BuffDescription":"Gravity around you is distorted"},"165":{"BuffID":165,"BuffName":"Dryad's Blessing","BuffDescription":"The power of nature protects you"},"166":{"BuffID":166,"BuffName":"Minecart","BuffDescription":"Riding in a minecart"},"167":{"BuffID":167,"BuffName":"Minecart","BuffDescription":"Riding in a minecart"},"168":{"BuffID":168,"BuffName":"Cute Fishron Mount","BuffDescription":"Just don't make it crawl."},"169":{"BuffID":169,"BuffName":"Penetrated","BuffDescription":"Bleeding Out"},"170":{"BuffID":170,"BuffName":"Solar Blaze","BuffDescription":"Damage taken reduced by 30%, repel enemies when taking damage"},"171":{"BuffID":171,"BuffName":"Solar Blaze","BuffDescription":"Damage taken reduced by 30%, repel enemies when taking damage"},"172":{"BuffID":172,"BuffName":"Solar Blaze","BuffDescription":"Damage taken reduced by 30%, repel enemies when taking damage"},"173":{"BuffID":173,"BuffName":"Life Nebula","BuffDescription":"Increased life regeneration"},"174":{"BuffID":174,"BuffName":"Life Nebula","BuffDescription":"Increased life regeneration"},"175":{"BuffID":175,"BuffName":"Life Nebula","BuffDescription":"Increased life regeneration"},"176":{"BuffID":176,"BuffName":"Mana Nebula","BuffDescription":"Increased mana regeneration"},"177":{"BuffID":177,"BuffName":"Mana Nebula","BuffDescription":"Increased mana regeneration"},"178":{"BuffID":178,"BuffName":"Mana Nebula","BuffDescription":"Increased mana regeneration"},"179":{"BuffID":179,"BuffName":"Damage Nebula","BuffDescription":"15% increased damage"},"180":{"BuffID":180,"BuffName":"Damage Nebula","BuffDescription":"30% increased damage"},"181":{"BuffID":181,"BuffName":"Damage Nebula","BuffDescription":"45% increased damage"},"182":{"BuffID":182,"BuffName":"Stardust Cell","BuffDescription":"The stardust cell will fight for you"},"183":{"BuffID":183,"BuffName":"Celled","BuffDescription":"being eaten by cells"},"184":{"BuffID":184,"BuffName":"Minecart","BuffDescription":"Riding in a minecart"},"185":{"BuffID":185,"BuffName":"Minecart","BuffDescription":"Riding in a minecart"},"186":{"BuffID":186,"BuffName":"Dryad's Bane","BuffDescription":"The power of nature compells you"},"187":{"BuffID":187,"BuffName":"Stardust Guardian","BuffDescription":"The stardust guardian will protect you"},"188":{"BuffID":188,"BuffName":"Stardust Dragon","BuffDescription":"The stardust dragon will protect you"},"189":{"BuffID":189,"BuffName":"Daybroken","BuffDescription":"Incenerated by solar rays"},"190":{"BuffID":190,"BuffName":"Suspicious Looking Eye","BuffDescription":"A suspicious looking eye that provides light"},"191":{"BuffID":191,"BuffName":"Companion Cube","BuffDescription":"Will never threaten to stab you and, in fact, cannot speak"},"192":{"BuffID":192,"BuffName":"BuffName.SugarRush","BuffDescription":"BuffDescription.SugarRush"},"193":{"BuffID":193,"BuffName":"Basilisk Mount","BuffDescription":"Crash into anyone... and EVERYONE!"},"194":{"BuffID":194,"BuffName":"Mighty Wind","BuffDescription":"The wind moves you around!"},"195":{"BuffID":195,"BuffName":"Withered Armor","BuffDescription":"Your armor is lowered!"},"196":{"BuffID":196,"BuffName":"Withered Weapon","BuffDescription":"Your attacks are weaker!"},"197":{"BuffID":197,"BuffName":"Oozed","BuffDescription":"Movement is significantly reduced"},"198":{"BuffID":198,"BuffName":"Striking Moment","BuffDescription":"500% increased damage for next melee strike"},"199":{"BuffID":199,"BuffName":"Creative Shock","BuffDescription":"You have lost the power of creation!"},"200":{"BuffID":200,"BuffName":"Propeller Gato","BuffDescription":"A propeller gato is following you"},"201":{"BuffID":201,"BuffName":"Flickerwick","BuffDescription":"A flickerwick is following you"},"202":{"BuffID":202,"BuffName":"Hoardagron","BuffDescription":"A hoardagron is following you"},"203":{"BuffID":203,"BuffName":"Betsy's Curse","BuffDescription":"Defense is lowered"},"204":{"BuffID":204,"BuffName":"Oiled","BuffDescription":"Taking more damage from being on fire"},"205":{"BuffID":205,"BuffName":"Ballista Panic!","BuffDescription":"Your ballistas rapidly shoot in panic!"}}