{"0":{"Name":"(none)"},"1":{"ID":1,"Name":"Large"},"2":{"ID":2,"Name":"Massive"},"3":{"ID":3,"Name":"Dangerous"},"4":{"ID":4,"Name":"Savage"},"5":{"ID":5,"Name":"Sharp"},"6":{"ID":6,"Name":"Pointy"},"7":{"ID":7,"Name":"Tiny"},"8":{"ID":8,"Name":"Terrible"},"9":{"ID":9,"Name":"Small"},"10":{"ID":10,"Name":"Dull"},"11":{"ID":11,"Name":"Unhappy"},"12":{"ID":12,"Name":"Bulky"},"13":{"ID":13,"Name":"Shameful"},"14":{"ID":14,"Name":"Heavy"},"15":{"ID":15,"Name":"Light"},"16":{"ID":16,"Name":"Sighted"},"17":{"ID":17,"Name":"Rapid"},"18":{"ID":18,"Name":"Hasty"},"19":{"ID":19,"Name":"Intimidating"},"20":{"ID":20,"Name":"Deadly"},"21":{"ID":21,"Name":"Staunch"},"22":{"ID":22,"Name":"Awful"},"23":{"ID":23,"Name":"Lethargic"},"24":{"ID":24,"Name":"Awkward"},"25":{"ID":25,"Name":"Powerful"},"26":{"ID":26,"Name":"Mystic"},"27":{"ID":27,"Name":"Adept"},"28":{"ID":28,"Name":"Masterful"},"29":{"ID":29,"Name":"Inept"},"30":{"ID":30,"Name":"Ignorant"},"31":{"ID":31,"Name":"Deranged"},"32":{"ID":32,"Name":"Intense"},"33":{"ID":33,"Name":"Taboo"},"34":{"ID":34,"Name":"Celestial"},"35":{"ID":35,"Name":"Furious"},"36":{"ID":36,"Name":"Keen"},"37":{"ID":37,"Name":"Superior"},"38":{"ID":38,"Name":"Forceful"},"39":{"ID":39,"Name":"Broken"},"40":{"ID":40,"Name":"Damaged"},"41":{"ID":41,"Name":"Shoddy"},"42":{"ID":42,"Name":"Quick"},"43":{"ID":43,"Name":"Deadly"},"44":{"ID":44,"Name":"Agile"},"45":{"ID":45,"Name":"Nimble"},"46":{"ID":46,"Name":"Murderous"},"47":{"ID":47,"Name":"Slow"},"48":{"ID":48,"Name":"Sluggish"},"49":{"ID":49,"Name":"Lazy"},"50":{"ID":50,"Name":"Annoying"},"51":{"ID":51,"Name":"Nasty"},"52":{"ID":52,"Name":"Manic"},"53":{"ID":53,"Name":"Hurtful"},"54":{"ID":54,"Name":"Strong"},"55":{"ID":55,"Name":"Unpleasant"},"56":{"ID":56,"Name":"Weak"},"57":{"ID":57,"Name":"Ruthless"},"58":{"ID":58,"Name":"Frenzying"},"59":{"ID":59,"Name":"Godly"},"60":{"ID":60,"Name":"Demonic"},"61":{"ID":61,"Name":"Zealous"},"62":{"ID":62,"Name":"Hard"},"63":{"ID":63,"Name":"Guarding"},"64":{"ID":64,"Name":"Armored"},"65":{"ID":65,"Name":"Warding"},"66":{"ID":66,"Name":"Arcane"},"67":{"ID":67,"Name":"Precise"},"68":{"ID":68,"Name":"Lucky"},"69":{"ID":69,"Name":"Jagged"},"70":{"ID":70,"Name":"Spiked"},"71":{"ID":71,"Name":"Angry"},"72":{"ID":72,"Name":"Menacing"},"73":{"ID":73,"Name":"Brisk"},"74":{"ID":74,"Name":"Fleeting"},"75":{"ID":75,"Name":"Hasty"},"76":{"ID":76,"Name":"Quick"},"77":{"ID":77,"Name":"Wild"},"78":{"ID":78,"Name":"Rash"},"79":{"ID":79,"Name":"Intrepid"},"80":{"ID":80,"Name":"Violent"},"81":{"ID":81,"Name":"Legendary"},"82":{"ID":82,"Name":"Unreal"},"83":{"ID":83,"Name":"Mythical"}}